Entity,Code,Year,Renewables (%electricity)
Algeria,DZA,1985,5.2631583
Algeria,DZA,1986,1.9258916
Algeria,DZA,1987,3.9223394
Algeria,DZA,1988,1.310325
Algeria,DZA,1989,1.4748107
Algeria,DZA,1990,0.8383011
Algeria,DZA,1991,1.6892477
Algeria,DZA,1992,1.0882642
Algeria,DZA,1993,1.8182755
Algeria,DZA,1994,0.83488405
Algeria,DZA,1995,0.9789501
Algeria,DZA,1996,0.6536265
Algeria,DZA,1997,0.34888592
Algeria,DZA,1998,0.9242542
Algeria,DZA,1999,0.8199701
Algeria,DZA,2000,0.20929259
Algeria,DZA,2001,0.2796644
Algeria,DZA,2002,0.23085803
Algeria,DZA,2003,0.93491554
Algeria,DZA,2004,0.8506295
Algeria,DZA,2005,1.7235976
Algeria,DZA,2006,0.6640507
Algeria,DZA,2007,0.6289308
Algeria,DZA,2008,0.74015325
Algeria,DZA,2009,0.8285005
Algeria,DZA,2010,0.39534885
Algeria,DZA,2011,1.0379905
Algeria,DZA,2012,1.1483607
Algeria,DZA,2013,0.58604157
Algeria,DZA,2014,0.41390726
Algeria,DZA,2015,0.34013605
Algeria,DZA,2016,0.509287
Algeria,DZA,2017,0.8951049
Algeria,DZA,2018,1.0816808
Algeria,DZA,2019,1.0953188
Algeria,DZA,2020,0.9898268
Algeria,DZA,2021,1.1735878
Argentina,ARG,1985,45.853027
Argentina,ARG,1986,43.15237
Argentina,ARG,1987,42.24961
Argentina,ARG,1988,29.299515
Argentina,ARG,1989,26.135784
Argentina,ARG,1990,34.989185
Argentina,ARG,1991,29.710293
Argentina,ARG,1992,34.389725
Argentina,ARG,1993,38.57245
Argentina,ARG,1994,41.73245
Argentina,ARG,1995,39.635246
Argentina,ARG,1996,32.54642
Argentina,ARG,1997,38.803555
Argentina,ARG,1998,36.01876
Argentina,ARG,1999,26.86689
Argentina,ARG,2000,33.88856
Argentina,ARG,2001,42.82576
Argentina,ARG,2002,44.43623
Argentina,ARG,2003,39.006126
Argentina,ARG,2004,32.42763
Argentina,ARG,2005,34.304974
Argentina,ARG,2006,34.712746
Argentina,ARG,2007,28.128101
Argentina,ARG,2008,27.25926
Argentina,ARG,2009,29.836628
Argentina,ARG,2010,28.761284
Argentina,ARG,2011,26.419552
Argentina,ARG,2012,24.0345
Argentina,ARG,2013,26.475702
Argentina,ARG,2014,26.075413
Argentina,ARG,2015,24.65346
Argentina,ARG,2016,22.214266
Argentina,ARG,2017,24.103342
Argentina,ARG,2018,25.016096
Argentina,ARG,2019,26.006308
Argentina,ARG,2020,26.714254
Argentina,ARG,2021,25.347696
Australia,AUS,1985,11.640788
Australia,AUS,1986,11.183614
Australia,AUS,1987,10.369839
Australia,AUS,1988,10.507794
Australia,AUS,1989,9.947415
Australia,AUS,1990,9.9702215
Australia,AUS,1991,10.368504
Australia,AUS,1992,10.299597
Australia,AUS,1993,10.323705
Australia,AUS,1994,9.914866
Australia,AUS,1995,9.407731
Australia,AUS,1996,9.408696
Australia,AUS,1997,8.989149
Australia,AUS,1998,8.488753
Australia,AUS,1999,8.457535
Australia,AUS,2000,8.634437
Australia,AUS,2001,8.218014
Australia,AUS,2002,8.0833025
Australia,AUS,2003,8.659832
Australia,AUS,2004,8.701304
Australia,AUS,2005,9.156236
Australia,AUS,2006,9.63576
Australia,AUS,2007,9.119031
Australia,AUS,2008,8.05489
Australia,AUS,2009,7.804379
Australia,AUS,2010,9.044215
Australia,AUS,2011,11.3454275
Australia,AUS,2012,11.410575
Australia,AUS,2013,14.870858
Australia,AUS,2014,14.96213
Australia,AUS,2015,14.3476
Australia,AUS,2016,15.609379
Australia,AUS,2017,16.313873
Australia,AUS,2018,17.145937
Australia,AUS,2019,21.37597
Australia,AUS,2020,25.503168
Australia,AUS,2021,29.134624
Austria,AUT,1985,72.51263
Austria,AUT,1986,73.2006
Austria,AUT,1987,73.04341
Austria,AUT,1988,75.496994
Austria,AUT,1989,73.61791
Austria,AUT,1990,66.206894
Austria,AUT,1991,65.065765
Austria,AUT,1992,72.392395
Austria,AUT,1993,74.07047
Austria,AUT,1994,70.81174
Austria,AUT,1995,70.51468
Austria,AUT,1996,66.809784
Austria,AUT,1997,67.92385
Austria,AUT,1998,69.79614
Austria,AUT,1999,70.677574
Austria,AUT,2000,72.58146
Austria,AUT,2001,69.17786
Austria,AUT,2002,69.03938
Austria,AUT,2003,60.695835
Austria,AUT,2004,63.975456
Austria,AUT,2005,63.389675
Austria,AUT,2006,65.285805
Austria,AUT,2007,68.62184
Austria,AUT,2008,69.03876
Austria,AUT,2009,71.161385
Austria,AUT,2010,66.24944
Austria,AUT,2011,65.70832
Austria,AUT,2012,74.71616
Austria,AUT,2013,78.185486
Austria,AUT,2014,81.46706
Austria,AUT,2015,76.94422
Austria,AUT,2016,78.28352
Austria,AUT,2017,75.719376
Austria,AUT,2018,76.96802
Austria,AUT,2019,77.109795
Austria,AUT,2020,80.098274
Austria,AUT,2021,78.790146
Bangladesh,BGD,1985,16.320673
Bangladesh,BGD,1986,9.375
Bangladesh,BGD,1987,9.253625
Bangladesh,BGD,1988,10.319523
Bangladesh,BGD,1989,12.930429
Bangladesh,BGD,1990,11.433006
Bangladesh,BGD,1991,10.133011
Bangladesh,BGD,1992,8.949854
Bangladesh,BGD,1993,6.604388
Bangladesh,BGD,1994,8.65699
Bangladesh,BGD,1995,3.442532
Bangladesh,BGD,1996,6.4406486
Bangladesh,BGD,1997,6.0634174
Bangladesh,BGD,1998,6.714796
Bangladesh,BGD,1999,5.764706
Bangladesh,BGD,2000,6.3214526
Bangladesh,BGD,2001,5.9792557
Bangladesh,BGD,2002,5.9659085
Bangladesh,BGD,2003,6.0247445
Bangladesh,BGD,2004,5.2020636
Bangladesh,BGD,2005,5.033425
Bangladesh,BGD,2006,4.7521367
Bangladesh,BGD,2007,2.6018488
Bangladesh,BGD,2008,2.970297
Bangladesh,BGD,2009,1.3401768
Bangladesh,BGD,2010,2.182385
Bangladesh,BGD,2011,2.3763802
Bangladesh,BGD,2012,2.0292385
Bangladesh,BGD,2013,2.1791284
Bangladesh,BGD,2014,1.5405097
Bangladesh,BGD,2015,1.4928058
Bangladesh,BGD,2016,1.9586676
Bangladesh,BGD,2017,1.9155419
Bangladesh,BGD,2018,1.8926592
Bangladesh,BGD,2019,1.4337819
Bangladesh,BGD,2020,1.7298295
Bangladesh,BGD,2021,1.7252079
Belgium,BEL,1985,0.59314054
Belgium,BEL,1986,0.7873748
Belgium,BEL,1987,0.9105686
Belgium,BEL,1988,0.8370442
Belgium,BEL,1989,0.74466676
Belgium,BEL,1990,0.7966994
Belgium,BEL,1991,0.75853354
Belgium,BEL,1992,0.8681042
Belgium,BEL,1993,0.7277397
Belgium,BEL,1994,0.85506034
Belgium,BEL,1995,0.9113166
Belgium,BEL,1996,0.7452755
Belgium,BEL,1997,0.7704161
Belgium,BEL,1998,0.9258132
Belgium,BEL,1999,1.0195514
Belgium,BEL,2000,1.2682691
Belgium,BEL,2001,1.3735217
Belgium,BEL,2002,1.4084506
Belgium,BEL,2003,1.435922
Belgium,BEL,2004,1.8089726
Belgium,BEL,2005,2.5089178
Belgium,BEL,2006,3.5632598
Belgium,BEL,2007,4.0318856
Belgium,BEL,2008,5.3375196
Belgium,BEL,2009,6.0778413
Belgium,BEL,2010,7.042102
Belgium,BEL,2011,9.331837
Belgium,BEL,2012,12.908377
Belgium,BEL,2013,14.329417
Belgium,BEL,2014,17.211727
Belgium,BEL,2015,21.212564
Belgium,BEL,2016,16.972368
Belgium,BEL,2017,18.603556
Belgium,BEL,2018,23.35419
Belgium,BEL,2019,21.091972
Belgium,BEL,2020,26.692457
Belgium,BEL,2021,22.95264
Brazil,BRA,1985,93.68031
Brazil,BRA,1986,91.828995
Brazil,BRA,1987,93.033165
Brazil,BRA,1988,94.17544
Brazil,BRA,1989,93.845985
Brazil,BRA,1990,94.50092
Brazil,BRA,1991,94.6263
Brazil,BRA,1992,94.4203
Brazil,BRA,1993,95.256325
Brazil,BRA,1994,95.40556
Brazil,BRA,1995,94.15726
Brazil,BRA,1996,93.56115
Brazil,BRA,1997,92.97818
Brazil,BRA,1998,92.92323
Brazil,BRA,1999,90.03717
Brazil,BRA,2000,90.13077
Brazil,BRA,2001,84.69536
Brazil,BRA,2002,86.08834
Brazil,BRA,2003,87.456116
Brazil,BRA,2004,86.426
Brazil,BRA,2005,87.678154
Brazil,BRA,2006,87.28425
Brazil,BRA,2007,88.725204
Brazil,BRA,2008,84.80723
Brazil,BRA,2009,89.41723
Brazil,BRA,2010,85.35769
Brazil,BRA,2011,87.66188
Brazil,BRA,2012,83.11646
Brazil,BRA,2013,77.524
Brazil,BRA,2014,74.04187
Brazil,BRA,2015,75.02318
Brazil,BRA,2016,81.0938
Brazil,BRA,2017,79.90915
Brazil,BRA,2018,82.919846
Brazil,BRA,2019,82.85489
Brazil,BRA,2020,84.641174
Brazil,BRA,2021,76.7711
Bulgaria,BGR,1985,5.3732705
Bulgaria,BGR,1986,5.561932
Bulgaria,BGR,1987,5.835806
Bulgaria,BGR,1988,5.766198
Bulgaria,BGR,1989,6.0702443
Bulgaria,BGR,1990,3.8902147
Bulgaria,BGR,1991,5.5787663
Bulgaria,BGR,1992,5.361174
Bulgaria,BGR,1993,4.730444
Bulgaria,BGR,1994,3.4228542
Bulgaria,BGR,1995,5.210084
Bulgaria,BGR,1996,6.7713213
Bulgaria,BGR,1997,6.3864756
Bulgaria,BGR,1998,7.4065137
Bulgaria,BGR,1999,7.187994
Bulgaria,BGR,2000,6.477833
Bulgaria,BGR,2001,3.7974682
Bulgaria,BGR,2002,5.0368257
Bulgaria,BGR,2003,7.070229
Bulgaria,BGR,2004,7.584541
Bulgaria,BGR,2005,9.7883005
Bulgaria,BGR,2006,9.300792
Bulgaria,BGR,2007,6.7132864
Bulgaria,BGR,2008,6.5754037
Bulgaria,BGR,2009,8.693598
Bulgaria,BGR,2010,12.527185
Bulgaria,BGR,2011,7.7877874
Bulgaria,BGR,2012,11.295181
Bulgaria,BGR,2013,16.054832
Bulgaria,BGR,2014,15.750214
Bulgaria,BGR,2015,17.967146
Bulgaria,BGR,2016,15.798923
Bulgaria,BGR,2017,13.643445
Bulgaria,BGR,2018,20.154705
Bulgaria,BGR,2019,17.100456
Bulgaria,BGR,2020,18.57285
Bulgaria,BGR,2021,21.79704
Canada,CAN,1985,66.5168
Canada,CAN,1986,66.69049
Canada,CAN,1987,64.16609
Canada,CAN,1988,61.2473
Canada,CAN,1989,59.010662
Canada,CAN,1990,62.34779
Canada,CAN,1991,61.39351
Canada,CAN,1992,61.643684
Canada,CAN,1993,61.68843
Canada,CAN,1994,60.328484
Canada,CAN,1995,61.172176
Canada,CAN,1996,63.361584
Canada,CAN,1997,62.360817
Canada,CAN,1998,60.486572
Canada,CAN,1999,61.290306
Canada,CAN,2000,61.809593
Canada,CAN,2001,59.32876
Canada,CAN,2002,61.14774
Canada,CAN,2003,60.078968
Canada,CAN,2004,59.69678
Canada,CAN,2005,60.82082
Canada,CAN,2006,60.82716
Canada,CAN,2007,61.246067
Canada,CAN,2008,62.65207
Canada,CAN,2009,63.891922
Canada,CAN,2010,62.942146
Canada,CAN,2011,64.09229
Canada,CAN,2012,65.09873
Canada,CAN,2013,65.43208
Canada,CAN,2014,64.791145
Canada,CAN,2015,65.294624
Canada,CAN,2016,66.18906
Canada,CAN,2017,67.53994
Canada,CAN,2018,67.36857
Canada,CAN,2019,67.174164
Canada,CAN,2020,68.77964
Canada,CAN,2021,68.16998
Chile,CHL,1985,80.23505
Chile,CHL,1986,81.713905
Chile,CHL,1987,83.73729
Chile,CHL,1988,76.17498
Chile,CHL,1989,60.996014
Chile,CHL,1990,53.834267
Chile,CHL,1991,70.97458
Chile,CHL,1992,82.69866
Chile,CHL,1993,78.987724
Chile,CHL,1994,74.26599
Chile,CHL,1995,72.40424
Chile,CHL,1996,60.44451
Chile,CHL,1997,62.13549
Chile,CHL,1998,48.170887
Chile,CHL,1999,39.149124
Chile,CHL,2000,47.506424
Chile,CHL,2001,51.772526
Chile,CHL,2002,53.10361
Chile,CHL,2003,48.38281
Chile,CHL,2004,42.88944
Chile,CHL,2005,50.217308
Chile,CHL,2006,52.324062
Chile,CHL,2007,39.81779
Chile,CHL,2008,42.185562
Chile,CHL,2009,43.340977
Chile,CHL,2010,36.98936
Chile,CHL,2011,33.913605
Chile,CHL,2012,31.310825
Chile,CHL,2013,29.587795
Chile,CHL,2014,36.368835
Chile,CHL,2015,38.16028
Chile,CHL,2016,33.083424
Chile,CHL,2017,39.504177
Chile,CHL,2018,42.859005
Chile,CHL,2019,41.64621
Chile,CHL,2020,43.807076
Chile,CHL,2021,42.706417
China,CHN,1985,22.495691
China,CHN,1986,21.032778
China,CHN,1987,20.114803
China,CHN,1988,20.023113
China,CHN,1989,20.247429
China,CHN,1990,20.414036
China,CHN,1991,18.413998
China,CHN,1992,17.366556
China,CHN,1993,18.75076
China,CHN,1994,18.137295
China,CHN,1995,19.286135
China,CHN,1996,17.534836
China,CHN,1997,17.516706
China,CHN,1998,17.287024
China,CHN,1999,16.105118
China,CHN,2000,16.639128
China,CHN,2001,18.958124
China,CHN,2002,17.6185
China,CHN,2003,15.036272
China,CHN,2004,16.22241
China,CHN,2005,16.173119
China,CHN,2006,15.588404
China,CHN,2007,15.258385
China,CHN,2008,19.025333
China,CHN,2009,17.885717
China,CHN,2010,18.780075
China,CHN,2011,16.890234
China,CHN,2012,20.122967
China,CHN,2013,20.215248
China,CHN,2014,22.35022
China,CHN,2015,24.079271
China,CHN,2016,25.000778
China,CHN,2017,25.419243
China,CHN,2018,25.774794
China,CHN,2019,26.999567
China,CHN,2020,28.24646
China,CHN,2021,28.907642
Colombia,COL,1985,63.686756
Colombia,COL,1986,68.236824
Colombia,COL,1987,69.81999
Colombia,COL,1988,69.89322
Colombia,COL,1989,73.08356
Colombia,COL,1990,72.60907
Colombia,COL,1991,69.772255
Colombia,COL,1992,61.782764
Colombia,COL,1993,67.74923
Colombia,COL,1994,72.18858
Colombia,COL,1995,68.374115
Colombia,COL,1996,73.97725
Colombia,COL,1997,64.037476
Colombia,COL,1998,62.274715
Colombia,COL,1999,71.49735
Colombia,COL,2000,75.70515
Colombia,COL,2001,74.58785
Colombia,COL,2002,76.718864
Colombia,COL,2003,78.920815
Colombia,COL,2004,81.75855
Colombia,COL,2005,80.29996
Colombia,COL,2006,80.751
Colombia,COL,2007,81.64207
Colombia,COL,2008,84.021835
Colombia,COL,2009,73.482544
Colombia,COL,2010,71.70611
Colombia,COL,2011,82.84114
Colombia,COL,2012,78.589134
Colombia,COL,2013,69.9169
Colombia,COL,2014,69.58158
Colombia,COL,2015,64.282906
Colombia,COL,2016,66.43863
Colombia,COL,2017,79.2409
Colombia,COL,2018,75.84291
Colombia,COL,2019,69.465065
Colombia,COL,2020,64.73943
Colombia,COL,2021,73.649734
Cyprus,CYP,1985,0.0
Cyprus,CYP,1986,0.0
Cyprus,CYP,1987,0.0
Cyprus,CYP,1988,0.0
Cyprus,CYP,1989,0.0
Cyprus,CYP,1990,0.0
Cyprus,CYP,1991,0.0
Cyprus,CYP,1992,0.0
Cyprus,CYP,1993,0.0
Cyprus,CYP,1994,0.0
Cyprus,CYP,1995,0.0
Cyprus,CYP,1996,0.0
Cyprus,CYP,1997,0.0
Cyprus,CYP,1998,0.0
Cyprus,CYP,1999,0.0
Cyprus,CYP,2000,0.0
Cyprus,CYP,2001,0.0
Cyprus,CYP,2002,0.0
Cyprus,CYP,2003,0.0
Cyprus,CYP,2004,0.0
Cyprus,CYP,2005,0.0
Cyprus,CYP,2006,0.0
Cyprus,CYP,2007,0.0
Cyprus,CYP,2008,0.19723865
Cyprus,CYP,2009,0.57581574
Cyprus,CYP,2010,1.500938
Cyprus,CYP,2011,3.4552846
Cyprus,CYP,2012,5.508475
Cyprus,CYP,2013,7.692308
Cyprus,CYP,2014,7.142857
Cyprus,CYP,2015,8.810573
Cyprus,CYP,2016,8.793456
Cyprus,CYP,2017,8.6
Cyprus,CYP,2018,9.486166
Cyprus,CYP,2019,10.097087
Cyprus,CYP,2020,12.371135
Cyprus,CYP,2021,15.234375
Czechia,CZE,1985,2.8750367
Czechia,CZE,1986,3.0954032
Czechia,CZE,1987,3.963277
Czechia,CZE,1988,3.2626605
Czechia,CZE,1989,2.5226085
Czechia,CZE,1990,1.8628553
Czechia,CZE,1991,1.8076285
Czechia,CZE,1992,2.3708723
Czechia,CZE,1993,2.6078064
Czechia,CZE,1994,3.047945
Czechia,CZE,1995,3.9782107
Czechia,CZE,1996,3.5406547
Czechia,CZE,1997,3.4106836
Czechia,CZE,1998,3.079542
Czechia,CZE,1999,3.6777308
Czechia,CZE,2000,3.127572
Czechia,CZE,2001,3.4626784
Czechia,CZE,2002,3.9342105
Czechia,CZE,2003,2.2587268
Czechia,CZE,2004,3.2700799
Czechia,CZE,2005,3.8203344
Czechia,CZE,2006,4.207506
Czechia,CZE,2007,3.896548
Czechia,CZE,2008,4.466859
Czechia,CZE,2009,5.7079864
Czechia,CZE,2010,6.933365
Czechia,CZE,2011,8.353525
Czechia,CZE,2012,9.317631
Czechia,CZE,2013,10.821503
Czechia,CZE,2014,10.786966
Czechia,CZE,2015,11.403296
Czechia,CZE,2016,11.449823
Czechia,CZE,2017,11.226394
Czechia,CZE,2018,10.856551
Czechia,CZE,2019,11.752361
Czechia,CZE,2020,12.963194
Czechia,CZE,2021,12.791114
Denmark,DNK,1985,0.40181115
Denmark,DNK,1986,0.66659975
Denmark,DNK,1987,0.89591783
Denmark,DNK,1988,1.4410659
Denmark,DNK,1989,2.5172758
Denmark,DNK,1990,3.1947656
Denmark,DNK,1991,2.9009302
Denmark,DNK,1992,4.4227643
Denmark,DNK,1993,4.738081
Denmark,DNK,1994,4.2878265
Denmark,DNK,1995,5.0626016
Denmark,DNK,1996,3.883495
Denmark,DNK,1997,6.6169825
Denmark,DNK,1998,9.566698
Denmark,DNK,1999,11.262535
Denmark,DNK,2000,15.472222
Denmark,DNK,2001,15.509013
Denmark,DNK,2002,17.286152
Denmark,DNK,2003,17.48267
Denmark,DNK,2004,23.5527
Denmark,DNK,2005,27.049406
Denmark,DNK,2006,20.171015
Denmark,DNK,2007,26.201982
Denmark,DNK,2008,27.580559
Denmark,DNK,2009,27.652557
Denmark,DNK,2010,31.97839
Denmark,DNK,2011,40.232822
Denmark,DNK,2012,48.33876
Denmark,DNK,2013,45.941277
Denmark,DNK,2014,55.886925
Denmark,DNK,2015,65.43381
Denmark,DNK,2016,60.1964
Denmark,DNK,2017,70.25459
Denmark,DNK,2018,68.346504
Denmark,DNK,2019,78.17689
Denmark,DNK,2020,81.622
Denmark,DNK,2021,78.947365
Ecuador,ECU,1985,71.939445
Ecuador,ECU,1986,80.04789
Ecuador,ECU,1987,84.881134
Ecuador,ECU,1988,85.552216
Ecuador,ECU,1989,85.872765
Ecuador,ECU,1990,78.544685
Ecuador,ECU,1991,72.77874
Ecuador,ECU,1992,69.11565
Ecuador,ECU,1993,78.39561
Ecuador,ECU,1994,80.61493
Ecuador,ECU,1995,61.226696
Ecuador,ECU,1996,65.53657
Ecuador,ECU,1997,63.06056
Ecuador,ECU,1998,59.74183
Ecuador,ECU,1999,69.62207
Ecuador,ECU,2000,72.753624
Ecuador,ECU,2001,65.17691
Ecuador,ECU,2002,64.50217
Ecuador,ECU,2003,63.425514
Ecuador,ECU,2004,58.944954
Ecuador,ECU,2005,61.019737
Ecuador,ECU,2006,58.357986
Ecuador,ECU,2007,59.891438
Ecuador,ECU,2008,68.017525
Ecuador,ECU,2009,59.54241
Ecuador,ECU,2010,54.65673
Ecuador,ECU,2011,62.927567
Ecuador,ECU,2012,62.415195
Ecuador,ECU,2013,57.531193
Ecuador,ECU,2014,58.763325
Ecuador,ECU,2015,61.53846
Ecuador,ECU,2016,66.43331
Ecuador,ECU,2017,77.54222
Ecuador,ECU,2018,76.817085
Ecuador,ECU,2019,81.45511
Ecuador,ECU,2020,82.55033
Ecuador,ECU,2021,83.54978
Egypt,EGY,1985,30.237823
Egypt,EGY,1986,27.639322
Egypt,EGY,1987,25.156712
Egypt,EGY,1988,22.806587
Egypt,EGY,1989,23.358656
Egypt,EGY,1990,23.724451
Egypt,EGY,1991,22.913393
Egypt,EGY,1992,21.784071
Egypt,EGY,1993,21.59424
Egypt,EGY,1994,22.096806
Egypt,EGY,1995,22.095871
Egypt,EGY,1996,21.437372
Egypt,EGY,1997,20.729431
Egypt,EGY,1998,19.942501
Egypt,EGY,1999,20.466146
Egypt,EGY,2000,18.39667
Egypt,EGY,2001,19.150812
Egypt,EGY,2002,15.245844
Egypt,EGY,2003,14.655171
Egypt,EGY,2004,13.553685
Egypt,EGY,2005,12.669639
Egypt,EGY,2006,12.255708
Egypt,EGY,2007,13.621822
Egypt,EGY,2008,12.42256
Egypt,EGY,2009,10.526316
Egypt,EGY,2010,9.127208
Egypt,EGY,2011,9.262795
Egypt,EGY,2012,8.729241
Egypt,EGY,2013,8.71426
Egypt,EGY,2014,8.762622
Egypt,EGY,2015,8.39416
Egypt,EGY,2016,8.176399
Egypt,EGY,2017,7.8896565
Egypt,EGY,2018,8.671476
Egypt,EGY,2019,10.662351
Egypt,EGY,2020,11.004279
Egypt,EGY,2021,11.386897
Finland,FIN,1985,24.971338
Finland,FIN,1986,25.312368
Finland,FIN,1987,26.022257
Finland,FIN,1988,24.981071
Finland,FIN,1989,24.420065
Finland,FIN,1990,29.453943
Finland,FIN,1991,31.390137
Finland,FIN,1992,34.747967
Finland,FIN,1993,31.827108
Finland,FIN,1994,27.83364
Finland,FIN,1995,30.527796
Finland,FIN,1996,25.598156
Finland,FIN,1997,29.135336
Finland,FIN,1998,34.78261
Finland,FIN,1999,30.506763
Finland,FIN,2000,33.5005
Finland,FIN,2001,28.99448
Finland,FIN,2002,26.535526
Finland,FIN,2003,22.668886
Finland,FIN,2004,29.94159
Finland,FIN,2005,33.35703
Finland,FIN,2006,27.373552
Finland,FIN,2007,30.054375
Finland,FIN,2008,36.074303
Finland,FIN,2009,30.231262
Finland,FIN,2010,30.097088
Finland,FIN,2011,33.028275
Finland,FIN,2012,40.747612
Finland,FIN,2013,36.10876
Finland,FIN,2014,38.75535
Finland,FIN,2015,44.66062
Finland,FIN,2016,44.407124
Finland,FIN,2017,46.89409
Finland,FIN,2018,45.927406
Finland,FIN,2019,46.621822
Finland,FIN,2020,51.818974
Finland,FIN,2021,52.90746
France,FRA,1985,18.663372
France,FRA,1986,17.854536
France,FRA,1987,19.276115
France,FRA,1988,20.144228
France,FRA,1989,11.986945
France,FRA,1990,13.370086
France,FRA,1991,13.2212925
France,FRA,1992,15.45585
France,FRA,1993,14.23583
France,FRA,1994,17.056469
France,FRA,1995,15.360343
France,FRA,1996,13.447639
France,FRA,1997,13.262536
France,FRA,1998,12.766879
France,FRA,1999,14.465783
France,FRA,2000,12.71177
France,FRA,2001,13.996136
France,FRA,2002,11.354416
France,FRA,2003,10.978354
France,FRA,2004,11.005131
France,FRA,2005,9.647984
France,FRA,2006,10.723592
France,FRA,2007,11.437008
France,FRA,2008,12.748745
France,FRA,2009,12.877686
France,FRA,2010,13.624007
France,FRA,2011,11.6355295
France,FRA,2012,15.033152
France,FRA,2013,17.246943
France,FRA,2014,16.6075
France,FRA,2015,16.002232
France,FRA,2016,17.721292
France,FRA,2017,16.657675
France,FRA,2018,19.731518
France,FRA,2019,20.011667
France,FRA,2020,23.761024
France,FRA,2021,22.231913
Germany,DEU,1985,3.6446776
Germany,DEU,1986,3.8522167
Germany,DEU,1987,4.0926185
Germany,DEU,1988,3.9537015
Germany,DEU,1989,3.5756316
Germany,DEU,1990,3.4929228
Germany,DEU,1991,3.1689155
Germany,DEU,1992,3.6971107
Germany,DEU,1993,3.9273474
Germany,DEU,1994,4.4629765
Germany,DEU,1995,4.8666506
Germany,DEU,1996,4.821224
Germany,DEU,1997,4.2079525
Germany,DEU,1998,4.509577
Germany,DEU,1999,5.197814
Germany,DEU,2000,6.1977983
Germany,DEU,2001,6.513259
Germany,DEU,2002,7.6431365
Germany,DEU,2003,7.745544
Germany,DEU,2004,9.498919
Germany,DEU,2005,10.335665
Germany,DEU,2006,11.512996
Germany,DEU,2007,14.135471
Germany,DEU,2008,14.88945
Germany,DEU,2009,16.290285
Germany,DEU,2010,16.8385
Germany,DEU,2011,20.496721
Germany,DEU,2012,23.056463
Germany,DEU,2013,24.136892
Germany,DEU,2014,26.21824
Germany,DEU,2015,29.472189
Germany,DEU,2016,29.499044
Germany,DEU,2017,33.48555
Germany,DEU,2018,35.097675
Germany,DEU,2019,40.089077
Germany,DEU,2020,44.332405
Germany,DEU,2021,39.64001
Greece,GRC,1985,10.1117525
Greece,GRC,1986,11.456599
Greece,GRC,1987,9.186707
Greece,GRC,1988,7.088099
Greece,GRC,1989,5.5171814
Greece,GRC,1990,5.089132
Greece,GRC,1991,8.673755
Greece,GRC,1992,5.937668
Greece,GRC,1993,6.110674
Greece,GRC,1994,6.5362716
Greece,GRC,1995,8.619855
Greece,GRC,1996,10.348892
Greece,GRC,1997,9.055209
Greece,GRC,1998,8.205239
Greece,GRC,1999,9.6173315
Greece,GRC,2000,7.7499065
Greece,GRC,2001,5.5388093
Greece,GRC,2002,6.6357737
Greece,GRC,2003,10.172711
Greece,GRC,2004,10.051021
Greece,GRC,2005,10.785798
Greece,GRC,2006,12.747216
Greece,GRC,2007,7.319407
Greece,GRC,2008,9.138589
Greece,GRC,2009,13.361716
Greece,GRC,2010,18.351341
Greece,GRC,2011,13.7692175
Greece,GRC,2012,16.674896
Greece,GRC,2013,25.140057
Greece,GRC,2014,24.190666
Greece,GRC,2015,28.65136
Greece,GRC,2016,27.366293
Greece,GRC,2017,25.009062
Greece,GRC,2018,30.309858
Greece,GRC,2019,33.14121
Greece,GRC,2020,36.44103
Greece,GRC,2021,40.494053
Hong Kong,HKG,1985,0.0
Hong Kong,HKG,1986,0.0
Hong Kong,HKG,1987,0.0
Hong Kong,HKG,1988,0.0
Hong Kong,HKG,1989,0.0
Hong Kong,HKG,1990,0.0
Hong Kong,HKG,1991,0.0
Hong Kong,HKG,1992,0.0
Hong Kong,HKG,1993,0.0
Hong Kong,HKG,1994,0.0
Hong Kong,HKG,1995,0.0
Hong Kong,HKG,1996,0.0
Hong Kong,HKG,1997,0.0
Hong Kong,HKG,1998,0.0
Hong Kong,HKG,1999,0.0
Hong Kong,HKG,2000,0.0
Hong Kong,HKG,2001,0.0
Hong Kong,HKG,2002,0.0
Hong Kong,HKG,2003,0.0
Hong Kong,HKG,2004,0.0
Hong Kong,HKG,2005,0.0
Hong Kong,HKG,2006,0.0
Hong Kong,HKG,2007,0.0
Hong Kong,HKG,2008,0.0
Hong Kong,HKG,2009,0.0
Hong Kong,HKG,2010,0.0
Hong Kong,HKG,2011,0.0
Hong Kong,HKG,2012,0.0
Hong Kong,HKG,2013,0.0
Hong Kong,HKG,2014,0.0
Hong Kong,HKG,2015,0.0
Hong Kong,HKG,2016,0.0
Hong Kong,HKG,2017,0.028694406
Hong Kong,HKG,2018,0.029052878
Hong Kong,HKG,2019,0.05757052
Hong Kong,HKG,2020,0.06035003
Hong Kong,HKG,2021,0.056737587
Hungary,HUN,1985,0.5784877
Hungary,HUN,1986,0.54913706
Hungary,HUN,1987,0.5680863
Hungary,HUN,1988,0.5781138
Hungary,HUN,1989,0.533856
Hungary,HUN,1990,0.70323485
Hungary,HUN,1991,0.7009346
Hungary,HUN,1992,0.66287875
Hungary,HUN,1993,0.6381039
Hungary,HUN,1994,0.62649167
Hungary,HUN,1995,0.6466784
Hungary,HUN,1996,0.74095184
Hungary,HUN,1997,0.7627119
Hungary,HUN,1998,0.5913978
Hungary,HUN,1999,0.6344171
Hungary,HUN,2000,0.68201196
Hungary,HUN,2001,0.7138935
Hungary,HUN,2002,0.63623786
Hungary,HUN,2003,0.9668913
Hungary,HUN,2004,2.78849
Hungary,HUN,2005,5.230769
Hungary,HUN,2006,4.1562066
Hungary,HUN,2007,4.7047048
Hungary,HUN,2008,5.8720636
Hungary,HUN,2009,8.047897
Hungary,HUN,2010,8.081349
Hungary,HUN,2011,7.5235977
Hungary,HUN,2012,7.62565
Hungary,HUN,2013,9.190083
Hungary,HUN,2014,10.76661
Hungary,HUN,2015,10.63057
Hungary,HUN,2016,10.216913
Hungary,HUN,2017,10.60006
Hungary,HUN,2018,11.807077
Hungary,HUN,2019,13.746709
Hungary,HUN,2020,15.871191
Hungary,HUN,2021,19.215796
Iceland,ISL,1985,99.914604
Iceland,ISL,1986,99.90875
Iceland,ISL,1987,99.90614
Iceland,ISL,1988,99.85649
Iceland,ISL,1989,99.89905
Iceland,ISL,1990,99.77827
Iceland,ISL,1991,99.77729
Iceland,ISL,1992,99.78021
Iceland,ISL,1993,99.999985
Iceland,ISL,1994,100.000015
Iceland,ISL,1995,99.79919
Iceland,ISL,1996,100.0
Iceland,ISL,1997,100.0
Iceland,ISL,1998,100.0
Iceland,ISL,1999,100.0
Iceland,ISL,2000,100.0
Iceland,ISL,2001,100.0
Iceland,ISL,2002,99.88123
Iceland,ISL,2003,99.88249
Iceland,ISL,2004,100.0
Iceland,ISL,2005,100.0
Iceland,ISL,2006,100.0
Iceland,ISL,2007,100.0
Iceland,ISL,2008,100.0
Iceland,ISL,2009,100.0
Iceland,ISL,2010,100.0
Iceland,ISL,2011,100.0
Iceland,ISL,2012,100.0
Iceland,ISL,2013,100.0
Iceland,ISL,2014,100.0
Iceland,ISL,2015,100.0
Iceland,ISL,2016,100.0
Iceland,ISL,2017,100.0
Iceland,ISL,2018,100.0
Iceland,ISL,2019,100.0
Iceland,ISL,2020,100.0
Iceland,ISL,2021,99.98653
India,IND,1985,27.798811
India,IND,1986,25.937187
India,IND,1987,21.890574
India,IND,1988,22.633194
India,IND,1989,23.259535
India,IND,1990,23.097132
India,IND,1991,23.131563
India,IND,1992,20.841738
India,IND,1993,19.625616
India,IND,1994,20.822308
India,IND,1995,18.022327
India,IND,1996,15.95155
India,IND,1997,15.386589
India,IND,1998,17.0291
India,IND,1999,15.599825
India,IND,2000,14.048197
India,IND,2001,12.999709
India,IND,2002,11.938192
India,IND,2003,11.695108
India,IND,2004,15.63753
India,IND,2005,15.254357
India,IND,2006,17.135258
India,IND,2007,17.801973
India,IND,2008,16.768267
India,IND,2009,15.269804
India,IND,2010,15.21222
India,IND,2011,16.791103
India,IND,2012,15.135002
India,IND,2013,16.394157
India,IND,2014,16.009254
India,IND,2015,15.371873
India,IND,2016,14.854848
India,IND,2017,15.966991
India,IND,2018,16.694954
India,IND,2019,18.691542
India,IND,2020,20.205925
India,IND,2021,19.384392
Indonesia,IDN,1985,16.90112
Indonesia,IDN,1986,24.190905
Indonesia,IDN,1987,22.11833
Indonesia,IDN,1988,20.291437
Indonesia,IDN,1989,22.045029
Indonesia,IDN,1990,23.010492
Indonesia,IDN,1991,22.204845
Indonesia,IDN,1992,26.638683
Indonesia,IDN,1993,25.141514
Indonesia,IDN,1994,20.873459
Indonesia,IDN,1995,19.411617
Indonesia,IDN,1996,18.970043
Indonesia,IDN,1997,12.157131
Indonesia,IDN,1998,17.798302
Indonesia,IDN,1999,17.054121
Indonesia,IDN,2000,19.99388
Indonesia,IDN,2001,20.90438
Indonesia,IDN,2002,18.579138
Indonesia,IDN,2003,16.883892
Indonesia,IDN,2004,16.806925
Indonesia,IDN,2005,17.05298
Indonesia,IDN,2006,15.350051
Indonesia,IDN,2007,16.369028
Indonesia,IDN,2008,16.89653
Indonesia,IDN,2009,16.451733
Indonesia,IDN,2010,19.50876
Indonesia,IDN,2011,15.875333
Indonesia,IDN,2012,14.8894415
Indonesia,IDN,2013,15.766565
Indonesia,IDN,2014,14.487201
Indonesia,IDN,2015,13.795372
Indonesia,IDN,2016,15.367891
Indonesia,IDN,2017,16.240925
Indonesia,IDN,2018,17.047817
Indonesia,IDN,2019,16.261044
Indonesia,IDN,2020,18.131039
Indonesia,IDN,2021,18.188877
Iran,IRN,1985,15.158679
Iran,IRN,1986,16.711704
Iran,IRN,1987,17.34499
Iran,IRN,1988,17.555887
Iran,IRN,1989,13.089382
Iran,IRN,1990,12.8020115
Iran,IRN,1991,8.926354
Iran,IRN,1992,13.700914
Iran,IRN,1993,14.103046
Iran,IRN,1994,8.51316
Iran,IRN,1995,9.866869
Iran,IRN,1996,9.821708
Iran,IRN,1997,6.1258154
Iran,IRN,1998,7.313571
Iran,IRN,1999,4.70351
Iran,IRN,2000,3.2006702
Iran,IRN,2001,3.2526062
Iran,IRN,2002,5.8163934
Iran,IRN,2003,6.3435545
Iran,IRN,2004,7.360531
Iran,IRN,2005,8.200147
Iran,IRN,2006,9.636561
Iran,IRN,2007,8.910989
Iran,IRN,2008,3.629626
Iran,IRN,2009,3.1333122
Iran,IRN,2010,4.4254923
Iran,IRN,2011,4.6309266
Iran,IRN,2012,5.1457286
Iran,IRN,2013,5.7405553
Iran,IRN,2014,5.3513765
Iran,IRN,2015,4.7851844
Iran,IRN,2016,5.4520674
Iran,IRN,2017,5.786938
Iran,IRN,2018,3.4672642
Iran,IRN,2019,11.010066
Iran,IRN,2020,7.407627
Iran,IRN,2021,4.664096
Iraq,IRQ,1985,2.9085014
Iraq,IRQ,1986,2.6921525
Iraq,IRQ,1987,11.550422
Iraq,IRQ,1988,11.0874195
Iraq,IRQ,1989,10.896898
Iraq,IRQ,1990,16.389647
Iraq,IRQ,1991,16.057545
Iraq,IRQ,1992,23.818045
Iraq,IRQ,1993,22.745764
Iraq,IRQ,1994,23.432074
Iraq,IRQ,1995,26.86892
Iraq,IRQ,1996,24.977062
Iraq,IRQ,1997,24.755814
Iraq,IRQ,1998,23.174026
Iraq,IRQ,1999,14.396939
Iraq,IRQ,2000,2.0319786
Iraq,IRQ,2001,2.0105472
Iraq,IRQ,2002,1.6012559
Iraq,IRQ,2003,1.6129032
Iraq,IRQ,2004,1.6129032
Iraq,IRQ,2005,20.567867
Iraq,IRQ,2006,18.810339
Iraq,IRQ,2007,18.01459
Iraq,IRQ,2008,9.913794
Iraq,IRQ,2009,7.415156
Iraq,IRQ,2010,10.214239
Iraq,IRQ,2011,6.610269
Iraq,IRQ,2012,10.0046
Iraq,IRQ,2013,8.621627
Iraq,IRQ,2014,4.632238
Iraq,IRQ,2015,3.984556
Iraq,IRQ,2016,4.505698
Iraq,IRQ,2017,2.685624
Iraq,IRQ,2018,2.6230297
Iraq,IRQ,2019,5.987218
Iraq,IRQ,2020,5.776567
Iraq,IRQ,2021,5.4287477
Ireland,IRL,1985,6.9272003
Ireland,IRL,1986,7.2618556
Ireland,IRL,1987,5.2523727
Ireland,IRL,1988,6.5939674
Ireland,IRL,1989,5.044459
Ireland,IRL,1990,4.919185
Ireland,IRL,1991,5.0234427
Ireland,IRL,1992,5.196451
Ireland,IRL,1993,4.7707562
Ireland,IRL,1994,5.585264
Ireland,IRL,1995,4.1453714
Ireland,IRL,1996,4.0190377
Ireland,IRL,1997,4.1137633
Ireland,IRL,1998,5.6486354
Ireland,IRL,1999,5.19063
Ireland,IRL,2000,4.985213
Ireland,IRL,2001,4.180195
Ireland,IRL,2002,5.5555553
Ireland,IRL,2003,4.5856795
Ireland,IRL,2004,5.511499
Ireland,IRL,2005,7.298985
Ireland,IRL,2006,9.111029
Ireland,IRL,2007,9.904829
Ireland,IRL,2008,12.032085
Ireland,IRL,2009,14.730068
Ireland,IRL,2010,13.210227
Ireland,IRL,2011,19.992636
Ireland,IRL,2012,19.351273
Ireland,IRL,2013,22.01799
Ireland,IRL,2014,24.757847
Ireland,IRL,2015,27.971529
Ireland,IRL,2016,24.875952
Ireland,IRL,2017,28.962818
Ireland,IRL,2018,33.00971
Ireland,IRL,2019,38.41146
Ireland,IRL,2020,42.10197
Ireland,IRL,2021,36.772152
Israel,ISR,1985,0.012960587
Israel,ISR,1986,0.037420016
Israel,ISR,1987,0.056570686
Israel,ISR,1988,0.05167291
Israel,ISR,1989,0.01466756
Israel,ISR,1990,0.014355716
Israel,ISR,1991,0.02788869
Israel,ISR,1992,0.11747454
Israel,ISR,1993,0.10000116
Israel,ISR,1994,0.08122702
Israel,ISR,1995,0.08213687
Israel,ISR,1996,0.0736888
Israel,ISR,1997,0.071202755
Israel,ISR,1998,0.06583036
Israel,ISR,1999,0.084124655
Israel,ISR,2000,0.07481297
Israel,ISR,2001,0.04840271
Israel,ISR,2002,0.07014262
Israel,ISR,2003,0.090456806
Israel,ISR,2004,0.090009004
Israel,ISR,2005,0.08754651
Israel,ISR,2006,0.04208754
Israel,ISR,2007,0.05933544
Israel,ISR,2008,0.0749204
Israel,ISR,2009,0.1279006
Israel,ISR,2010,0.23907103
Israel,ISR,2011,0.43624163
Israel,ISR,2012,0.69830185
Israel,ISR,2013,0.94570357
Israel,ISR,2014,1.5773907
Israel,ISR,2015,1.9458282
Israel,ISR,2016,2.521259
Israel,ISR,2017,2.647929
Israel,ISR,2018,2.6862204
Israel,ISR,2019,4.0435023
Israel,ISR,2020,5.3903084
Israel,ISR,2021,6.7870827
Italy,ITA,1985,23.852695
Italy,ITA,1986,23.187752
Italy,ITA,1987,21.451843
Italy,ITA,1988,21.84259
Italy,ITA,1989,17.678774
Italy,ITA,1990,16.373446
Italy,ITA,1991,20.84421
Italy,ITA,1992,20.582811
Italy,ITA,1993,20.611694
Italy,ITA,1994,21.120598
Italy,ITA,1995,17.493671
Italy,ITA,1996,19.334867
Italy,ITA,1997,18.790936
Italy,ITA,1998,18.376627
Italy,ITA,1999,19.84532
Italy,ITA,2000,18.900242
Italy,ITA,2001,20.049433
Italy,ITA,2002,17.455557
Italy,ITA,2003,16.420212
Italy,ITA,2004,18.274939
Italy,ITA,2005,16.376978
Italy,ITA,2006,16.512863
Italy,ITA,2007,15.533349
Italy,ITA,2008,18.6112
Italy,ITA,2009,24.083735
Italy,ITA,2010,25.84002
Italy,ITA,2011,27.67732
Italy,ITA,2012,31.104963
Italy,ITA,2013,39.014874
Italy,ITA,2014,43.497692
Italy,ITA,2015,38.757786
Italy,ITA,2016,37.607937
Italy,ITA,2017,35.41745
Italy,ITA,2018,39.810013
Italy,ITA,2019,39.756306
Italy,ITA,2020,42.039772
Italy,ITA,2021,40.619434
Japan,JPN,1985,14.223238
Japan,JPN,1986,13.989436
Japan,JPN,1987,12.457424
Japan,JPN,1988,14.100253
Japan,JPN,1989,13.602426
Japan,JPN,1990,11.1442
Japan,JPN,1991,11.639142
Japan,JPN,1992,10.024861
Japan,JPN,1993,11.247435
Japan,JPN,1994,7.9192533
Japan,JPN,1995,9.212626
Japan,JPN,1996,8.979606
Japan,JPN,1997,9.761912
Japan,JPN,1998,9.946743
Japan,JPN,1999,9.3160305
Japan,JPN,2000,10.538243
Japan,JPN,2001,10.447654
Japan,JPN,2002,10.247729
Japan,JPN,2003,11.699369
Japan,JPN,2004,11.419897
Japan,JPN,2005,9.906813
Japan,JPN,2006,10.855499
Japan,JPN,2007,9.389759
Japan,JPN,2008,10.019684
Japan,JPN,2009,10.466746
Japan,JPN,2010,10.526997
Japan,JPN,2011,11.127242
Japan,JPN,2012,10.61437
Japan,JPN,2013,11.796579
Japan,JPN,2014,13.271962
Japan,JPN,2015,15.658682
Japan,JPN,2016,15.692011
Japan,JPN,2017,17.35597
Japan,JPN,2018,18.14418
Japan,JPN,2019,19.422329
Japan,JPN,2020,21.324924
Japan,JPN,2021,22.610664
Kuwait,KWT,1985,0.0
Kuwait,KWT,1986,0.0
Kuwait,KWT,1987,0.0
Kuwait,KWT,1988,0.0
Kuwait,KWT,1989,0.0
Kuwait,KWT,1990,0.0
Kuwait,KWT,1991,0.0
Kuwait,KWT,1992,0.0
Kuwait,KWT,1993,0.0
Kuwait,KWT,1994,0.0
Kuwait,KWT,1995,0.0
Kuwait,KWT,1996,0.0
Kuwait,KWT,1997,0.0
Kuwait,KWT,1998,0.0
Kuwait,KWT,1999,0.0
Kuwait,KWT,2000,0.0
Kuwait,KWT,2001,0.0
Kuwait,KWT,2002,0.0
Kuwait,KWT,2003,0.0
Kuwait,KWT,2004,0.0
Kuwait,KWT,2005,0.0
Kuwait,KWT,2006,0.0
Kuwait,KWT,2007,0.0
Kuwait,KWT,2008,0.0
Kuwait,KWT,2009,0.0
Kuwait,KWT,2010,0.0
Kuwait,KWT,2011,0.0
Kuwait,KWT,2012,0.0
Kuwait,KWT,2013,0.017442875
Kuwait,KWT,2014,0.016329195
Kuwait,KWT,2015,0.01557875
Kuwait,KWT,2016,0.030372059
Kuwait,KWT,2017,0.058479533
Kuwait,KWT,2018,0.08615738
Kuwait,KWT,2019,0.08509431
Kuwait,KWT,2020,0.074693754
Kuwait,KWT,2021,0.070204996
Luxembourg,LUX,1985,9.329798
Luxembourg,LUX,1986,10.103138
Luxembourg,LUX,1987,11.780105
Luxembourg,LUX,1988,8.621103
Luxembourg,LUX,1989,6.4524407
Luxembourg,LUX,1990,12.903226
Luxembourg,LUX,1991,12.857143
Luxembourg,LUX,1992,12.121212
Luxembourg,LUX,1993,11.940298
Luxembourg,LUX,1994,18.644068
Luxembourg,LUX,1995,22.448978
Luxembourg,LUX,1996,17.777779
Luxembourg,LUX,1997,24.390242
Luxembourg,LUX,1998,40.540543
Luxembourg,LUX,1999,36.11111
Luxembourg,LUX,2000,40.0
Luxembourg,LUX,2001,19.54023
Luxembourg,LUX,2002,5.3571434
Luxembourg,LUX,2003,5.0179214
Luxembourg,LUX,2004,5.6379824
Luxembourg,LUX,2005,6.2686567
Luxembourg,LUX,2006,7.062147
Luxembourg,LUX,2007,8.15047
Luxembourg,LUX,2008,10.294118
Luxembourg,LUX,2009,8.571429
Luxembourg,LUX,2010,8.333334
Luxembourg,LUX,2011,9.090909
Luxembourg,LUX,2012,11.231884
Luxembourg,LUX,2013,19.565218
Luxembourg,LUX,2014,20.94241
Luxembourg,LUX,2015,32.08955
Luxembourg,LUX,2016,58.227848
Luxembourg,LUX,2017,66.66667
Luxembourg,LUX,2018,70.833336
Luxembourg,LUX,2019,74.76635
Luxembourg,LUX,2020,79.508194
Luxembourg,LUX,2021,80.4878
Malaysia,MYS,1985,25.216927
Malaysia,MYS,1986,25.54464
Malaysia,MYS,1987,28.505014
Malaysia,MYS,1988,29.603834
Malaysia,MYS,1989,24.608728
Malaysia,MYS,1990,17.495173
Malaysia,MYS,1991,16.756989
Malaysia,MYS,1992,13.657898
Malaysia,MYS,1993,13.914475
Malaysia,MYS,1994,16.307709
Malaysia,MYS,1995,13.350653
Malaysia,MYS,1996,9.7061615
Malaysia,MYS,1997,6.962513
Malaysia,MYS,1998,6.9487243
Malaysia,MYS,1999,11.078236
Malaysia,MYS,2000,10.727969
Malaysia,MYS,2001,8.696792
Malaysia,MYS,2002,7.2093315
Malaysia,MYS,2003,6.6578054
Malaysia,MYS,2004,6.4431643
Malaysia,MYS,2005,6.7079988
Malaysia,MYS,2006,6.7215495
Malaysia,MYS,2007,6.208426
Malaysia,MYS,2008,7.5778904
Malaysia,MYS,2009,7.141625
Malaysia,MYS,2010,6.106748
Malaysia,MYS,2011,7.5572705
Malaysia,MYS,2012,8.03045
Malaysia,MYS,2013,9.254791
Malaysia,MYS,2014,9.703669
Malaysia,MYS,2015,9.952702
Malaysia,MYS,2016,13.463135
Malaysia,MYS,2017,17.39293
Malaysia,MYS,2018,16.59632
Malaysia,MYS,2019,16.115656
Malaysia,MYS,2020,18.037918
Malaysia,MYS,2021,19.313526
Mexico,MEX,1985,31.253574
Mexico,MEX,1986,24.793179
Mexico,MEX,1987,22.326666
Mexico,MEX,1988,23.58453
Mexico,MEX,1989,25.014498
Mexico,MEX,1990,25.177782
Mexico,MEX,1991,22.136204
Mexico,MEX,1992,25.08641
Mexico,MEX,1993,24.627949
Mexico,MEX,1994,18.134733
Mexico,MEX,1995,22.629654
Mexico,MEX,1996,23.968714
Mexico,MEX,1997,19.348513
Mexico,MEX,1998,16.985353
Mexico,MEX,1999,20.421417
Mexico,MEX,2000,22.929117
Mexico,MEX,2001,19.66496
Mexico,MEX,2002,17.422094
Mexico,MEX,2003,15.853659
Mexico,MEX,2004,17.313446
Mexico,MEX,2005,18.278084
Mexico,MEX,2006,18.42561
Mexico,MEX,2007,17.276155
Mexico,MEX,2008,21.538712
Mexico,MEX,2009,16.536974
Mexico,MEX,2010,19.42816
Mexico,MEX,2011,18.091637
Mexico,MEX,2012,16.575943
Mexico,MEX,2013,15.54929
Mexico,MEX,2014,19.80082
Mexico,MEX,2015,17.59769
Mexico,MEX,2016,17.480696
Mexico,MEX,2017,18.075953
Mexico,MEX,2018,17.703753
Mexico,MEX,2019,18.548794
Mexico,MEX,2020,21.255222
Mexico,MEX,2021,23.9353
Morocco,MAR,1985,6.616746
Morocco,MAR,1986,8.281814
Morocco,MAR,1987,10.311211
Morocco,MAR,1988,10.418522
Morocco,MAR,1989,12.821364
Morocco,MAR,1990,12.671375
Morocco,MAR,1991,13.318849
Morocco,MAR,1992,9.918716
Morocco,MAR,1993,4.470232
Morocco,MAR,1994,7.3234525
Morocco,MAR,1995,5.0529275
Morocco,MAR,1996,15.60855
Morocco,MAR,1997,15.324062
Morocco,MAR,1998,13.70296
Morocco,MAR,1999,6.3978286
Morocco,MAR,2000,6.3478975
Morocco,MAR,2001,7.535212
Morocco,MAR,2002,6.794195
Morocco,MAR,2003,9.951457
Morocco,MAR,2004,10.228572
Morocco,MAR,2005,6.286627
Morocco,MAR,2006,6.0716133
Morocco,MAR,2007,6.153051
Morocco,MAR,2008,6.211813
Morocco,MAR,2009,14.635365
Morocco,MAR,2010,17.343487
Morocco,MAR,2011,10.764306
Morocco,MAR,2012,8.835341
Morocco,MAR,2013,15.646004
Morocco,MAR,2014,13.013699
Morocco,MAR,2015,15.064318
Morocco,MAR,2016,15.55118
Morocco,MAR,2017,14.8652935
Morocco,MAR,2018,19.047619
Morocco,MAR,2019,19.009504
Morocco,MAR,2020,18.290775
Morocco,MAR,2021,19.806295
Netherlands,NLD,1985,0.7050417
Netherlands,NLD,1986,0.82923925
Netherlands,NLD,1987,1.0299791
Netherlands,NLD,1988,1.2246245
Netherlands,NLD,1989,1.3136109
Netherlands,NLD,1990,1.1420612
Netherlands,NLD,1991,1.2525253
Netherlands,NLD,1992,1.2978585
Netherlands,NLD,1993,1.4296854
Netherlands,NLD,1994,1.5817223
Netherlands,NLD,1995,1.7433237
Netherlands,NLD,1996,2.1361504
Netherlands,NLD,1997,2.3296244
Netherlands,NLD,1998,2.552817
Netherlands,NLD,1999,2.9007282
Netherlands,NLD,2000,3.3225193
Netherlands,NLD,2001,3.5427592
Netherlands,NLD,2002,4.156658
Netherlands,NLD,2003,4.099379
Netherlands,NLD,2004,5.247005
Netherlands,NLD,2005,7.4839487
Netherlands,NLD,2006,8.156855
Netherlands,NLD,2007,7.2285714
Netherlands,NLD,2008,8.87337
Netherlands,NLD,2009,9.536809
Netherlands,NLD,2010,9.394677
Netherlands,NLD,2011,10.82506
Netherlands,NLD,2012,12.098574
Netherlands,NLD,2013,11.921183
Netherlands,NLD,2014,11.286572
Netherlands,NLD,2015,12.58272
Netherlands,NLD,2016,12.984275
Netherlands,NLD,2017,15.072639
Netherlands,NLD,2018,16.634413
Netherlands,NLD,2019,18.867456
Netherlands,NLD,2020,26.671553
Netherlands,NLD,2021,33.278515
New Zealand,NZL,1985,76.29749
New Zealand,NZL,1986,82.40133
New Zealand,NZL,1987,80.68693
New Zealand,NZL,1988,80.5822
New Zealand,NZL,1989,80.16134
New Zealand,NZL,1990,80.14338
New Zealand,NZL,1991,77.339325
New Zealand,NZL,1992,72.75511
New Zealand,NZL,1993,77.167366
New Zealand,NZL,1994,82.148926
New Zealand,NZL,1995,83.93446
New Zealand,NZL,1996,79.182655
New Zealand,NZL,1997,70.287834
New Zealand,NZL,1998,75.8403
New Zealand,NZL,1999,69.84938
New Zealand,NZL,2000,72.07538
New Zealand,NZL,2001,64.86698
New Zealand,NZL,2002,70.881905
New Zealand,NZL,2003,67.796616
New Zealand,NZL,2004,73.489044
New Zealand,NZL,2005,66.20905
New Zealand,NZL,2006,66.46863
New Zealand,NZL,2007,66.8946
New Zealand,NZL,2008,65.74664
New Zealand,NZL,2009,72.56344
New Zealand,NZL,2010,73.94997
New Zealand,NZL,2011,76.54264
New Zealand,NZL,2012,72.69988
New Zealand,NZL,2013,75.07082
New Zealand,NZL,2014,79.57795
New Zealand,NZL,2015,80.43378
New Zealand,NZL,2016,84.22648
New Zealand,NZL,2017,81.440445
New Zealand,NZL,2018,83.46765
New Zealand,NZL,2019,81.94888
New Zealand,NZL,2020,80.430756
New Zealand,NZL,2021,80.723175
Norway,NOR,1985,99.12481
Norway,NOR,1986,98.9135
Norway,NOR,1987,99.05163
Norway,NOR,1988,98.96747
Norway,NOR,1989,99.35569
Norway,NOR,1990,99.90944
Norway,NOR,1991,99.891365
Norway,NOR,1992,99.90599
Norway,NOR,1993,99.89131
Norway,NOR,1994,99.75045
Norway,NOR,1995,99.754364
Norway,NOR,1996,99.61749
Norway,NOR,1997,99.682915
Norway,NOR,1998,99.71628
Norway,NOR,1999,99.67252
Norway,NOR,2000,99.77533
Norway,NOR,2001,99.65335
Norway,NOR,2002,99.67722
Norway,NOR,2003,99.474625
Norway,NOR,2004,99.46354
Norway,NOR,2005,99.57695
Norway,NOR,2006,99.430176
Norway,NOR,2007,99.26438
Norway,NOR,2008,99.524895
Norway,NOR,2009,96.63102
Norway,NOR,2010,95.84045
Norway,NOR,2011,96.58506
Norway,NOR,2012,97.98704
Norway,NOR,2013,97.86148
Norway,NOR,2014,97.87143
Norway,NOR,2015,97.90997
Norway,NOR,2016,97.995
Norway,NOR,2017,98.025734
Norway,NOR,2018,97.97038
Norway,NOR,2019,97.941536
Norway,NOR,2020,98.57143
Norway,NOR,2021,99.543526
Oman,OMN,1985,0.0
Oman,OMN,1986,0.0
Oman,OMN,1987,0.0
Oman,OMN,1988,0.0
Oman,OMN,1989,0.0
Oman,OMN,1990,0.0
Oman,OMN,1991,0.0
Oman,OMN,1992,0.0
Oman,OMN,1993,0.0
Oman,OMN,1994,0.0
Oman,OMN,1995,0.0
Oman,OMN,1996,0.0
Oman,OMN,1997,0.0
Oman,OMN,1998,0.0
Oman,OMN,1999,0.0
Oman,OMN,2000,0.0
Oman,OMN,2001,0.0
Oman,OMN,2002,0.0
Oman,OMN,2003,0.0
Oman,OMN,2004,0.0
Oman,OMN,2005,0.0
Oman,OMN,2006,0.0
Oman,OMN,2007,0.0
Oman,OMN,2008,0.0
Oman,OMN,2009,0.0
Oman,OMN,2010,0.0
Oman,OMN,2011,0.0
Oman,OMN,2012,0.0
Oman,OMN,2013,0.0
Oman,OMN,2014,0.0
Oman,OMN,2015,0.0
Oman,OMN,2016,0.0
Oman,OMN,2017,0.058858152
Oman,OMN,2018,0.056385677
Oman,OMN,2019,0.055478502
Oman,OMN,2020,0.37856728
Oman,OMN,2021,0.43763673
Pakistan,PAK,1985,45.182903
Pakistan,PAK,1986,38.499657
Pakistan,PAK,1987,45.04877
Pakistan,PAK,1988,42.204395
Pakistan,PAK,1989,40.749832
Pakistan,PAK,1990,37.154285
Pakistan,PAK,1991,36.40593
Pakistan,PAK,1992,37.227722
Pakistan,PAK,1993,38.471695
Pakistan,PAK,1994,37.16468
Pakistan,PAK,1995,35.681023
Pakistan,PAK,1996,36.70133
Pakistan,PAK,1997,29.523495
Pakistan,PAK,1998,36.309155
Pakistan,PAK,1999,32.9313
Pakistan,PAK,2000,28.059938
Pakistan,PAK,2001,28.376417
Pakistan,PAK,2002,31.67702
Pakistan,PAK,2003,35.48012
Pakistan,PAK,2004,32.454086
Pakistan,PAK,2005,35.17072
Pakistan,PAK,2006,34.630474
Pakistan,PAK,2007,32.52176
Pakistan,PAK,2008,32.679813
Pakistan,PAK,2009,31.461407
Pakistan,PAK,2010,34.48714
Pakistan,PAK,2011,30.95012
Pakistan,PAK,2012,31.27421
Pakistan,PAK,2013,31.678265
Pakistan,PAK,2014,32.112915
Pakistan,PAK,2015,32.787178
Pakistan,PAK,2016,28.823292
Pakistan,PAK,2017,24.616203
Pakistan,PAK,2018,30.500359
Pakistan,PAK,2019,29.787548
Pakistan,PAK,2020,31.209818
Pakistan,PAK,2021,29.739628
Peru,PER,1985,78.86219
Peru,PER,1986,78.88477
Peru,PER,1987,78.63773
Peru,PER,1988,77.9147
Peru,PER,1989,77.5989
Peru,PER,1990,76.80331
Peru,PER,1991,80.27206
Peru,PER,1992,74.8514
Peru,PER,1993,80.416
Peru,PER,1994,81.09164
Peru,PER,1995,77.48533
Peru,PER,1996,77.90021
Peru,PER,1997,74.46556
Peru,PER,1998,74.98883
Peru,PER,1999,77.063034
Peru,PER,2000,82.241554
Peru,PER,2001,85.60235
Peru,PER,2002,83.04771
Peru,PER,2003,81.992
Peru,PER,2004,73.249466
Peru,PER,2005,71.11286
Peru,PER,2006,73.29843
Peru,PER,2007,66.64379
Peru,PER,2008,59.575134
Peru,PER,2009,61.88822
Peru,PER,2010,58.430576
Peru,PER,2011,57.771263
Peru,PER,2012,56.428947
Peru,PER,2013,54.765903
Peru,PER,2014,52.933056
Peru,PER,2015,53.676468
Peru,PER,2016,51.966293
Peru,PER,2017,58.7114
Peru,PER,2018,60.83775
Peru,PER,2019,60.802685
Peru,PER,2020,63.80159
Peru,PER,2021,60.61232
Philippines,PHL,1985,50.492752
Philippines,PHL,1986,55.260315
Philippines,PHL,1987,44.797146
Philippines,PHL,1988,46.810833
Philippines,PHL,1989,47.654404
Philippines,PHL,1990,45.42014
Philippines,PHL,1991,42.50848
Philippines,PHL,1992,39.195976
Philippines,PHL,1993,40.24606
Philippines,PHL,1994,39.99475
Philippines,PHL,1995,36.857006
Philippines,PHL,1996,36.95208
Philippines,PHL,1997,33.43468
Philippines,PHL,1998,33.62355
Philippines,PHL,1999,44.49218
Philippines,PHL,2000,44.375717
Philippines,PHL,2001,38.716812
Philippines,PHL,2002,37.016335
Philippines,PHL,2003,34.80663
Philippines,PHL,2004,35.07268
Philippines,PHL,2005,33.684017
Philippines,PHL,2006,37.405983
Philippines,PHL,2007,32.930458
Philippines,PHL,2008,35.265865
Philippines,PHL,2009,34.12498
Philippines,PHL,2010,28.048216
Philippines,PHL,2011,29.06119
Philippines,PHL,2012,28.896818
Philippines,PHL,2013,26.82084
Philippines,PHL,2014,26.122978
Philippines,PHL,2015,26.213593
Philippines,PHL,2016,24.631138
Philippines,PHL,2017,24.743032
Philippines,PHL,2018,23.784706
Philippines,PHL,2019,21.47436
Philippines,PHL,2020,22.648321
Philippines,PHL,2021,22.125694
Poland,POL,1985,1.6330947
Poland,POL,1986,1.3664162
Poland,POL,1987,1.2713172
Poland,POL,1988,1.3073299
Poland,POL,1989,1.1769234
Poland,POL,1990,1.108301
Poland,POL,1991,1.130199
Poland,POL,1992,1.2395746
Poland,POL,1993,1.1762028
Poland,POL,1994,1.3354341
Poland,POL,1995,1.430135
Poland,POL,1996,1.4590268
Poland,POL,1997,1.5112815
Poland,POL,1998,1.7972579
Poland,POL,1999,1.671548
Poland,POL,2000,1.6273223
Poland,POL,2001,1.9343168
Poland,POL,2002,1.943996
Poland,POL,2003,1.4999001
Poland,POL,2004,2.1016684
Poland,POL,2005,2.48307
Poland,POL,2006,2.6737301
Poland,POL,2007,3.4256516
Poland,POL,2008,4.274444
Poland,POL,2009,5.7515388
Poland,POL,2010,6.9299364
Poland,POL,2011,8.054721
Poland,POL,2012,10.443604
Poland,POL,2013,10.408151
Poland,POL,2014,12.533148
Poland,POL,2015,13.815148
Poland,POL,2016,13.733519
Poland,POL,2017,14.1999655
Poland,POL,2018,12.755915
Poland,POL,2019,15.615801
Poland,POL,2020,17.964872
Poland,POL,2021,17.094591
Portugal,PRT,1985,59.47619
Portugal,PRT,1986,44.804718
Portugal,PRT,1987,48.507572
Portugal,PRT,1988,57.29912
Portugal,PRT,1989,25.116282
Portugal,PRT,1990,34.6982
Portugal,PRT,1991,33.109016
Portugal,PRT,1992,18.541033
Portugal,PRT,1993,30.42917
Portugal,PRT,1994,37.12097
Portugal,PRT,1995,28.295624
Portugal,PRT,1996,45.858765
Portugal,PRT,1997,41.681313
Portugal,PRT,1998,36.365974
Portugal,PRT,1999,20.088558
Portugal,PRT,2000,29.668049
Portugal,PRT,2001,34.091404
Portugal,PRT,2002,21.314346
Portugal,PRT,2003,38.048153
Portugal,PRT,2004,27.465418
Portugal,PRT,2005,17.864876
Portugal,PRT,2006,32.365658
Portugal,PRT,2007,34.57027
Portugal,PRT,2008,32.189976
Portugal,PRT,2009,36.96443
Portugal,PRT,2010,52.80313
Portugal,PRT,2011,46.47263
Portugal,PRT,2012,42.50604
Portugal,PRT,2013,58.32179
Portugal,PRT,2014,60.758278
Portugal,PRT,2015,47.53267
Portugal,PRT,2016,54.6254
Portugal,PRT,2017,39.13345
Portugal,PRT,2018,50.350967
Portugal,PRT,2019,52.986664
Portugal,PRT,2020,58.420643
Portugal,PRT,2021,63.814728
Qatar,QAT,1985,0.0
Qatar,QAT,1986,0.0
Qatar,QAT,1987,0.0
Qatar,QAT,1988,0.0
Qatar,QAT,1989,0.0
Qatar,QAT,1990,0.0
Qatar,QAT,1991,0.0
Qatar,QAT,1992,0.0
Qatar,QAT,1993,0.0
Qatar,QAT,1994,0.0
Qatar,QAT,1995,0.0
Qatar,QAT,1996,0.0
Qatar,QAT,1997,0.0
Qatar,QAT,1998,0.0
Qatar,QAT,1999,0.0
Qatar,QAT,2000,0.0
Qatar,QAT,2001,0.0
Qatar,QAT,2002,0.0
Qatar,QAT,2003,0.0
Qatar,QAT,2004,0.0
Qatar,QAT,2005,0.0
Qatar,QAT,2006,0.0
Qatar,QAT,2007,0.0
Qatar,QAT,2008,0.0
Qatar,QAT,2009,0.0
Qatar,QAT,2010,0.0
Qatar,QAT,2011,0.06925208
Qatar,QAT,2012,0.091715075
Qatar,QAT,2013,0.09182737
Qatar,QAT,2014,0.10964912
Qatar,QAT,2015,0.102197245
Qatar,QAT,2016,0.100250624
Qatar,QAT,2017,0.09310987
Qatar,QAT,2018,0.08853475
Qatar,QAT,2019,0.08508828
Qatar,QAT,2020,0.089565605
Qatar,QAT,2021,0.08421053
Romania,ROU,1985,17.70169
Romania,ROU,1986,14.322055
Romania,ROU,1987,15.131142
Romania,ROU,1988,19.617111
Romania,ROU,1989,18.032722
Romania,ROU,1990,17.744946
Romania,ROU,1991,25.68662
Romania,ROU,1992,21.662655
Romania,ROU,1993,23.067196
Romania,ROU,1994,23.71003
Romania,ROU,1995,28.264183
Romania,ROU,1996,25.823366
Romania,ROU,1997,30.888575
Romania,ROU,1998,35.648235
Romania,ROU,1999,36.239353
Romania,ROU,2000,28.665632
Romania,ROU,2001,27.861813
Romania,ROU,2002,29.492832
Romania,ROU,2003,24.179432
Romania,ROU,2004,29.226412
Romania,ROU,2005,34.03467
Romania,ROU,2006,29.282297
Romania,ROU,2007,25.95655
Romania,ROU,2008,26.512701
Romania,ROU,2009,26.935736
Romania,ROU,2010,33.49282
Romania,ROU,2011,26.32258
Romania,ROU,2012,25.399796
Romania,ROU,2013,34.41503
Romania,ROU,2014,41.60147
Romania,ROU,2015,39.729977
Romania,ROU,2016,41.75569
Romania,ROU,2017,37.9828
Romania,ROU,2018,40.642456
Romania,ROU,2019,41.61879
Romania,ROU,2020,44.246674
Romania,ROU,2021,44.545914
Saudi Arabia,SAU,1985,0.0
Saudi Arabia,SAU,1986,0.0
Saudi Arabia,SAU,1987,0.0
Saudi Arabia,SAU,1988,0.0
Saudi Arabia,SAU,1989,0.0
Saudi Arabia,SAU,1990,0.0
Saudi Arabia,SAU,1991,0.0
Saudi Arabia,SAU,1992,0.0
Saudi Arabia,SAU,1993,0.0
Saudi Arabia,SAU,1994,0.0
Saudi Arabia,SAU,1995,0.0
Saudi Arabia,SAU,1996,0.0
Saudi Arabia,SAU,1997,0.0
Saudi Arabia,SAU,1998,0.0
Saudi Arabia,SAU,1999,0.0
Saudi Arabia,SAU,2000,0.0
Saudi Arabia,SAU,2001,0.0
Saudi Arabia,SAU,2002,0.0
Saudi Arabia,SAU,2003,0.0
Saudi Arabia,SAU,2004,0.0
Saudi Arabia,SAU,2005,0.0
Saudi Arabia,SAU,2006,0.0
Saudi Arabia,SAU,2007,0.0
Saudi Arabia,SAU,2008,0.0
Saudi Arabia,SAU,2009,0.0
Saudi Arabia,SAU,2010,0.0
Saudi Arabia,SAU,2011,0.0039987206
Saudi Arabia,SAU,2012,0.011041184
Saudi Arabia,SAU,2013,0.014081532
Saudi Arabia,SAU,2014,0.016032835
Saudi Arabia,SAU,2015,0.01477585
Saudi Arabia,SAU,2016,0.014817889
Saudi Arabia,SAU,2017,0.019753365
Saudi Arabia,SAU,2018,0.047781166
Saudi Arabia,SAU,2019,0.062602475
Saudi Arabia,SAU,2020,0.062124662
Saudi Arabia,SAU,2021,0.23274073
Singapore,SGP,1985,0.0
Singapore,SGP,1986,0.8036685
Singapore,SGP,1987,0.71949756
Singapore,SGP,1988,0.65296715
Singapore,SGP,1989,0.6054605
Singapore,SGP,1990,0.54425776
Singapore,SGP,1991,1.4762061
Singapore,SGP,1992,1.3965604
Singapore,SGP,1993,1.2920306
Singapore,SGP,1994,1.1849831
Singapore,SGP,1995,1.1107384
Singapore,SGP,1996,1.0247016
Singapore,SGP,1997,0.9172801
Singapore,SGP,1998,0.86344224
Singapore,SGP,1999,0.8299458
Singapore,SGP,2000,0.0
Singapore,SGP,2001,0.0
Singapore,SGP,2002,0.0
Singapore,SGP,2003,0.0
Singapore,SGP,2004,0.0
Singapore,SGP,2005,0.0
Singapore,SGP,2006,0.0
Singapore,SGP,2007,0.0
Singapore,SGP,2008,0.0
Singapore,SGP,2009,0.0
Singapore,SGP,2010,0.0
Singapore,SGP,2011,0.022899017
Singapore,SGP,2012,0.022461815
Singapore,SGP,2013,0.35041612
Singapore,SGP,2014,0.59625214
Singapore,SGP,2015,0.85666525
Singapore,SGP,2016,1.0792098
Singapore,SGP,2017,1.1064173
Singapore,SGP,2018,1.3061548
Singapore,SGP,2019,1.6231884
Singapore,SGP,2020,1.808176
Singapore,SGP,2021,2.0755422
Slovakia,SVK,1985,9.406381
Slovakia,SVK,1986,6.930652
Slovakia,SVK,1987,8.1763935
Slovakia,SVK,1988,7.6175184
Slovakia,SVK,1989,8.151226
Slovakia,SVK,1990,7.3754416
Slovakia,SVK,1991,5.812036
Slovakia,SVK,1992,8.347676
Slovakia,SVK,1993,14.428275
Slovakia,SVK,1994,17.11818
Slovakia,SVK,1995,18.463867
Slovakia,SVK,1996,16.614298
Slovakia,SVK,1997,16.214056
Slovakia,SVK,1998,16.595415
Slovakia,SVK,1999,15.901813
Slovakia,SVK,2000,14.977258
Slovakia,SVK,2001,15.959786
Slovakia,SVK,2002,16.84276
Slovakia,SVK,2003,11.563308
Slovakia,SVK,2004,13.563218
Slovakia,SVK,2005,14.932992
Slovakia,SVK,2006,15.411728
Slovakia,SVK,2007,17.714695
Slovakia,SVK,2008,15.906719
Slovakia,SVK,2009,19.003477
Slovakia,SVK,2010,21.69949
Slovakia,SVK,2011,17.724213
Slovakia,SVK,2012,19.369688
Slovakia,SVK,2013,22.36287
Slovakia,SVK,2014,23.076921
Slovakia,SVK,2015,22.795778
Slovakia,SVK,2016,24.850075
Slovakia,SVK,2017,23.96482
Slovakia,SVK,2018,21.866768
Slovakia,SVK,2019,23.589926
Slovakia,SVK,2020,24.026657
Slovakia,SVK,2021,23.57262
South Africa,ZAF,1985,0.4348705
South Africa,ZAF,1986,1.0948389
South Africa,ZAF,1987,1.0612116
South Africa,ZAF,1988,1.9994813
South Africa,ZAF,1989,1.6889184
South Africa,ZAF,1990,0.6039731
South Africa,ZAF,1991,1.1763588
South Africa,ZAF,1992,0.4473794
South Africa,ZAF,1993,0.083569
South Africa,ZAF,1994,0.59111667
South Africa,ZAF,1995,0.28341055
South Africa,ZAF,1996,0.6891829
South Africa,ZAF,1997,1.0638803
South Africa,ZAF,1998,0.8891096
South Africa,ZAF,1999,0.45465288
South Africa,ZAF,2000,0.91108054
South Africa,ZAF,2001,1.2516537
South Africa,ZAF,2002,1.380225
South Africa,ZAF,2003,0.5452713
South Africa,ZAF,2004,0.5827199
South Africa,ZAF,2005,0.76345867
South Africa,ZAF,2006,1.3863059
South Africa,ZAF,2007,0.52672094
South Africa,ZAF,2008,0.68956923
South Africa,ZAF,2009,0.8031088
South Africa,ZAF,2010,1.0330069
South Africa,ZAF,2011,1.0184466
South Africa,ZAF,2012,0.6890826
South Africa,ZAF,2013,0.6792168
South Africa,ZAF,2014,1.428813
South Africa,ZAF,2015,2.625679
South Africa,ZAF,2016,3.2586126
South Africa,ZAF,2017,4.2202606
South Africa,ZAF,2018,5.1554656
South Africa,ZAF,2019,5.35897
South Africa,ZAF,2020,5.7805815
South Africa,ZAF,2021,7.5627236
South Korea,KOR,1985,5.0823493
South Korea,KOR,1986,4.4630504
South Korea,KOR,1987,4.941189
South Korea,KOR,1988,2.1343105
South Korea,KOR,1989,2.8603222
South Korea,KOR,1990,3.9548495
South Korea,KOR,1991,2.6494057
South Korea,KOR,1992,2.1165414
South Korea,KOR,1993,2.6130474
South Korea,KOR,1994,1.2810979
South Korea,KOR,1995,1.4797227
South Korea,KOR,1996,1.2532259
South Korea,KOR,1997,1.174428
South Korea,KOR,1998,1.8311406
South Korea,KOR,1999,1.6237404
South Korea,KOR,2000,1.4934685
South Korea,KOR,2001,1.4421759
South Korea,KOR,2002,1.0887018
South Korea,KOR,2003,1.5639943
South Korea,KOR,2004,1.3374931
South Korea,KOR,2005,1.1032438
South Korea,KOR,2006,1.0378252
South Korea,KOR,2007,1.0973732
South Korea,KOR,2008,1.0458606
South Korea,KOR,2009,1.0892226
South Korea,KOR,2010,1.7249681
South Korea,KOR,2011,2.4562805
South Korea,KOR,2012,2.495697
South Korea,KOR,2013,2.8267047
South Korea,KOR,2014,3.3683445
South Korea,KOR,2015,3.6668572
South Korea,KOR,2016,3.986717
South Korea,KOR,2017,4.801686
South Korea,KOR,2018,5.2304897
South Korea,KOR,2019,5.7575755
South Korea,KOR,2020,6.1312203
South Korea,KOR,2021,7.7737374
Spain,ESP,1985,25.20347
Spain,ESP,1986,21.030579
Spain,ESP,1987,21.065016
Spain,ESP,1988,25.88588
Spain,ESP,1989,13.563719
Spain,ESP,1990,17.21447
Spain,ESP,1991,17.970922
Spain,ESP,1992,12.508775
Spain,ESP,1993,16.164928
Spain,ESP,1994,18.060907
Spain,ESP,1995,14.722221
Spain,ESP,1996,23.793047
Spain,ESP,1997,19.546366
Spain,ESP,1998,19.075443
Spain,ESP,1999,13.232505
Spain,ESP,2000,15.611987
Spain,ESP,2001,21.152443
Spain,ESP,2002,13.826016
Spain,ESP,2003,21.667315
Spain,ESP,2004,18.319021
Spain,ESP,2005,14.859735
Spain,ESP,2006,17.6624
Spain,ESP,2007,19.334726
Spain,ESP,2008,20.00515
Spain,ESP,2009,25.410765
Spain,ESP,2010,32.79222
Spain,ESP,2011,30.040842
Spain,ESP,2012,29.604794
Spain,ESP,2013,39.585037
Spain,ESP,2014,40.103294
Spain,ESP,2015,34.989906
Spain,ESP,2016,38.581806
Spain,ESP,2017,32.220592
Spain,ESP,2018,38.20803
Spain,ESP,2019,37.28081
Spain,ESP,2020,43.81088
Spain,ESP,2021,46.43477
Sri Lanka,LKA,1985,97.18459
Sri Lanka,LKA,1986,99.75111
Sri Lanka,LKA,1987,80.41519
Sri Lanka,LKA,1988,92.792305
Sri Lanka,LKA,1989,98.01603
Sri Lanka,LKA,1990,99.841255
Sri Lanka,LKA,1991,92.286285
Sri Lanka,LKA,1992,81.92502
Sri Lanka,LKA,1993,95.40805
Sri Lanka,LKA,1994,93.21542
Sri Lanka,LKA,1995,94.03553
Sri Lanka,LKA,1996,71.818214
Sri Lanka,LKA,1997,67.016136
Sri Lanka,LKA,1998,68.98116
Sri Lanka,LKA,1999,66.56838
Sri Lanka,LKA,2000,49.14729
Sri Lanka,LKA,2001,47.32006
Sri Lanka,LKA,2002,39.411762
Sri Lanka,LKA,2003,44.129555
Sri Lanka,LKA,2004,37.309643
Sri Lanka,LKA,2005,38.409855
Sri Lanka,LKA,2006,45.897743
Sri Lanka,LKA,2007,41.430073
Sri Lanka,LKA,2008,43.347195
Sri Lanka,LKA,2009,41.10302
Sri Lanka,LKA,2010,54.50192
Sri Lanka,LKA,2011,42.180515
Sri Lanka,LKA,2012,30.606861
Sri Lanka,LKA,2013,61.234993
Sri Lanka,LKA,2014,40.85213
Sri Lanka,LKA,2015,50.0
Sri Lanka,LKA,2016,34.331627
Sri Lanka,LKA,2017,31.654188
Sri Lanka,LKA,2018,47.42819
Sri Lanka,LKA,2019,36.33501
Sri Lanka,LKA,2020,38.51091
Sri Lanka,LKA,2021,37.713936
Sweden,SWE,1985,53.08152
Sweden,SWE,1986,45.379406
Sweden,SWE,1987,50.363983
Sweden,SWE,1988,49.18895
Sweden,SWE,1989,51.676205
Sweden,SWE,1990,51.00014
Sweden,SWE,1991,44.30156
Sweden,SWE,1992,52.333317
Sweden,SWE,1993,52.91891
Sweden,SWE,1994,43.027332
Sweden,SWE,1995,47.578903
Sweden,SWE,1996,38.404095
Sweden,SWE,1997,48.274235
Sweden,SWE,1998,49.18446
Sweden,SWE,1999,48.275642
Sweden,SWE,2000,57.247128
Sweden,SWE,2001,51.559402
Sweden,SWE,2002,48.500343
Sweden,SWE,2003,43.378387
Sweden,SWE,2004,44.94693
Sweden,SWE,2005,51.291286
Sweden,SWE,2006,49.5952
Sweden,SWE,2007,52.029293
Sweden,SWE,2008,54.309544
Sweden,SWE,2009,58.42606
Sweden,SWE,2010,55.29808
Sweden,SWE,2011,55.95555
Sweden,SWE,2012,59.063873
Sweden,SWE,2013,54.035156
Sweden,SWE,2014,55.83849
Sweden,SWE,2015,63.271606
Sweden,SWE,2016,57.17493
Sweden,SWE,2017,57.88224
Sweden,SWE,2018,55.797012
Sweden,SWE,2019,58.745995
Sweden,SWE,2020,68.471825
Sweden,SWE,2021,67.3808
Switzerland,CHE,1985,57.540207
Switzerland,CHE,1986,58.11356
Switzerland,CHE,1987,58.904114
Switzerland,CHE,1988,59.977894
Switzerland,CHE,1989,55.490753
Switzerland,CHE,1990,53.979496
Switzerland,CHE,1991,56.006073
Switzerland,CHE,1992,55.767498
Switzerland,CHE,1993,58.932392
Switzerland,CHE,1994,59.91988
Switzerland,CHE,1995,56.872494
Switzerland,CHE,1996,51.231163
Switzerland,CHE,1997,55.186493
Switzerland,CHE,1998,53.999878
Switzerland,CHE,1999,59.416866
Switzerland,CHE,2000,55.06073
Switzerland,CHE,2001,57.69173
Switzerland,CHE,2002,53.11631
Switzerland,CHE,2003,52.570396
Switzerland,CHE,2004,52.170998
Switzerland,CHE,2005,53.49527
Switzerland,CHE,2006,49.128258
Switzerland,CHE,2007,52.46536
Switzerland,CHE,2008,53.268494
Switzerland,CHE,2009,53.01766
Switzerland,CHE,2010,54.037067
Switzerland,CHE,2011,51.18243
Switzerland,CHE,2012,56.59966
Switzerland,CHE,2013,56.19592
Switzerland,CHE,2014,54.89839
Switzerland,CHE,2015,59.098953
Switzerland,CHE,2016,58.38261
Switzerland,CHE,2017,59.078064
Switzerland,CHE,2018,55.114822
Switzerland,CHE,2019,56.601505
Switzerland,CHE,2020,60.519287
Switzerland,CHE,2021,66.05731
Taiwan,TWN,1985,10.80712
Taiwan,TWN,1986,9.841289
Taiwan,TWN,1987,7.9674087
Taiwan,TWN,1988,6.132828
Taiwan,TWN,1989,6.018356
Taiwan,TWN,1990,7.3096232
Taiwan,TWN,1991,4.130845
Taiwan,TWN,1992,6.46037
Taiwan,TWN,1993,3.7685075
Taiwan,TWN,1994,4.2672524
Taiwan,TWN,1995,3.9238408
Taiwan,TWN,1996,3.6720493
Taiwan,TWN,1997,3.8349447
Taiwan,TWN,1998,4.1715035
Taiwan,TWN,1999,3.4364924
Taiwan,TWN,2000,3.107689
Taiwan,TWN,2001,3.4858506
Taiwan,TWN,2002,2.2586427
Taiwan,TWN,2003,2.3586745
Taiwan,TWN,2004,2.3760812
Taiwan,TWN,2005,2.695936
Taiwan,TWN,2006,2.6897504
Taiwan,TWN,2007,2.826205
Taiwan,TWN,2008,2.865781
Taiwan,TWN,2009,2.7829232
Taiwan,TWN,2010,2.9057376
Taiwan,TWN,2011,2.9686685
Taiwan,TWN,2012,3.6737664
Taiwan,TWN,2013,3.708758
Taiwan,TWN,2014,3.2236714
Taiwan,TWN,2015,3.4494925
Taiwan,TWN,2016,4.236638
Taiwan,TWN,2017,4.012288
Taiwan,TWN,2018,3.9976485
Taiwan,TWN,2019,4.9634657
Taiwan,TWN,2020,4.837253
Taiwan,TWN,2021,5.438749
Thailand,THA,1985,16.026957
Thailand,THA,1986,22.422956
Thailand,THA,1987,14.21294
Thailand,THA,1988,11.564287
Thailand,THA,1989,14.814671
Thailand,THA,1990,11.164903
Thailand,THA,1991,9.048247
Thailand,THA,1992,7.329365
Thailand,THA,1993,5.750053
Thailand,THA,1994,6.2647166
Thailand,THA,1995,8.447449
Thailand,THA,1996,8.531997
Thailand,THA,1997,7.938052
Thailand,THA,1998,6.0294333
Thailand,THA,1999,4.2754407
Thailand,THA,2000,7.126103
Thailand,THA,2001,7.061527
Thailand,THA,2002,7.944477
Thailand,THA,2003,7.6718354
Thailand,THA,2004,6.516355
Thailand,THA,2005,6.0325203
Thailand,THA,2006,7.598855
Thailand,THA,2007,7.708585
Thailand,THA,2008,6.562546
Thailand,THA,2009,6.626331
Thailand,THA,2010,5.708583
Thailand,THA,2011,8.039962
Thailand,THA,2012,8.539612
Thailand,THA,2013,7.6765037
Thailand,THA,2014,8.395728
Thailand,THA,2015,7.994962
Thailand,THA,2016,8.984024
Thailand,THA,2017,10.957095
Thailand,THA,2018,14.190005
Thailand,THA,2019,14.700173
Thailand,THA,2020,13.796373
Thailand,THA,2021,14.506635
Trinidad and Tobago,TTO,1985,0.5623553
Trinidad and Tobago,TTO,1986,0.7900335
Trinidad and Tobago,TTO,1987,0.8905487
Trinidad and Tobago,TTO,1988,0.774749
Trinidad and Tobago,TTO,1989,0.7584598
Trinidad and Tobago,TTO,1990,0.866648
Trinidad and Tobago,TTO,1991,0.672043
Trinidad and Tobago,TTO,1992,0.75452715
Trinidad and Tobago,TTO,1993,0.73356044
Trinidad and Tobago,TTO,1994,0.78643405
Trinidad and Tobago,TTO,1995,0.7661945
Trinidad and Tobago,TTO,1996,0.3743669
Trinidad and Tobago,TTO,1997,0.36086607
Trinidad and Tobago,TTO,1998,0.34822983
Trinidad and Tobago,TTO,1999,0.34305316
Trinidad and Tobago,TTO,2000,0.38986355
Trinidad and Tobago,TTO,2001,0.37664783
Trinidad and Tobago,TTO,2002,0.37664783
Trinidad and Tobago,TTO,2003,0.4950495
Trinidad and Tobago,TTO,2004,0.49586776
Trinidad and Tobago,TTO,2005,0.4524887
Trinidad and Tobago,TTO,2006,0.44510388
Trinidad and Tobago,TTO,2007,0.41551247
Trinidad and Tobago,TTO,2008,0.0
Trinidad and Tobago,TTO,2009,0.0
Trinidad and Tobago,TTO,2010,0.0
Trinidad and Tobago,TTO,2011,0.0
Trinidad and Tobago,TTO,2012,0.0
Trinidad and Tobago,TTO,2013,0.0
Trinidad and Tobago,TTO,2014,0.0
Trinidad and Tobago,TTO,2015,0.11111111
Trinidad and Tobago,TTO,2016,0.11286682
Trinidad and Tobago,TTO,2017,0.11402508
Trinidad and Tobago,TTO,2018,0.11520737
Trinidad and Tobago,TTO,2019,0.11574074
Trinidad and Tobago,TTO,2020,0.12180268
Trinidad and Tobago,TTO,2021,0.11454754
Turkey,TUR,1985,35.217087
Turkey,TUR,1986,30.019548
Turkey,TUR,1987,42.10705
Turkey,TUR,1988,60.392765
Turkey,TUR,1989,34.590878
Turkey,TUR,1990,40.371914
Turkey,TUR,1991,37.848606
Turkey,TUR,1992,39.628803
Turkey,TUR,1993,46.18616
Turkey,TUR,1994,39.21869
Turkey,TUR,1995,41.56522
Turkey,TUR,1996,42.936962
Turkey,TUR,1997,38.9061
Turkey,TUR,1998,38.33198
Turkey,TUR,1999,29.98111
Turkey,TUR,2000,25.062334
Turkey,TUR,2001,19.919796
Turkey,TUR,2002,26.444479
Turkey,TUR,2003,25.487387
Turkey,TUR,2004,30.926939
Turkey,TUR,2005,24.599195
Turkey,TUR,2006,25.271046
Turkey,TUR,2007,19.048117
Turkey,TUR,2008,17.356663
Turkey,TUR,2009,19.59123
Turkey,TUR,2010,26.400076
Turkey,TUR,2011,25.335835
Turkey,TUR,2012,27.241205
Turkey,TUR,2013,28.857298
Turkey,TUR,2014,20.912487
Turkey,TUR,2015,32.014236
Turkey,TUR,2016,32.97161
Turkey,TUR,2017,29.43022
Turkey,TUR,2018,32.176003
Turkey,TUR,2019,43.680435
Turkey,TUR,2020,42.02082
Turkey,TUR,2021,35.32963
United Arab Emirates,ARE,1985,0.0
United Arab Emirates,ARE,1986,0.0
United Arab Emirates,ARE,1987,0.0
United Arab Emirates,ARE,1988,0.0
United Arab Emirates,ARE,1989,0.0
United Arab Emirates,ARE,1990,0.0
United Arab Emirates,ARE,1991,0.0
United Arab Emirates,ARE,1992,0.0
United Arab Emirates,ARE,1993,0.0
United Arab Emirates,ARE,1994,0.0
United Arab Emirates,ARE,1995,0.0
United Arab Emirates,ARE,1996,0.0
United Arab Emirates,ARE,1997,0.0
United Arab Emirates,ARE,1998,0.0
United Arab Emirates,ARE,1999,0.0
United Arab Emirates,ARE,2000,0.0
United Arab Emirates,ARE,2001,0.0
United Arab Emirates,ARE,2002,0.0
United Arab Emirates,ARE,2003,0.0
United Arab Emirates,ARE,2004,0.0
United Arab Emirates,ARE,2005,0.0
United Arab Emirates,ARE,2006,0.0
United Arab Emirates,ARE,2007,0.0
United Arab Emirates,ARE,2008,0.0
United Arab Emirates,ARE,2009,0.012061271
United Arab Emirates,ARE,2010,0.022642363
United Arab Emirates,ARE,2011,0.032181934
United Arab Emirates,ARE,2012,0.020030046
United Arab Emirates,ARE,2013,0.077361956
United Arab Emirates,ARE,2014,0.28292415
United Arab Emirates,ARE,2015,0.25885102
United Arab Emirates,ARE,2016,0.26261798
United Arab Emirates,ARE,2017,0.592698
United Arab Emirates,ARE,2018,1.0318142
United Arab Emirates,ARE,2019,2.930968
United Arab Emirates,ARE,2020,4.346108
United Arab Emirates,ARE,2021,4.93991
United Kingdom,GBR,1985,1.3268555
United Kingdom,GBR,1986,1.5841147
United Kingdom,GBR,1987,1.3858436
United Kingdom,GBR,1988,1.5819994
United Kingdom,GBR,1989,1.5186038
United Kingdom,GBR,1990,1.831571
United Kingdom,GBR,1991,1.6555673
United Kingdom,GBR,1992,2.0041335
United Kingdom,GBR,1993,1.7782198
United Kingdom,GBR,1994,2.13833
United Kingdom,GBR,1995,2.0662897
United Kingdom,GBR,1996,1.6260163
United Kingdom,GBR,1997,1.9903204
United Kingdom,GBR,1998,2.395591
United Kingdom,GBR,1999,2.6338127
United Kingdom,GBR,2000,2.6657405
United Kingdom,GBR,2001,2.5001962
United Kingdom,GBR,2002,2.8939157
United Kingdom,GBR,2003,2.6854804
United Kingdom,GBR,2004,3.613688
United Kingdom,GBR,2005,4.281523
United Kingdom,GBR,2006,4.602989
United Kingdom,GBR,2007,5.010433
United Kingdom,GBR,2008,5.6776843
United Kingdom,GBR,2009,6.767986
United Kingdom,GBR,2010,6.909292
United Kingdom,GBR,2011,9.642251
United Kingdom,GBR,2012,11.427304
United Kingdom,GBR,2013,14.972705
United Kingdom,GBR,2014,19.247635
United Kingdom,GBR,2015,24.62277
United Kingdom,GBR,2016,24.678839
United Kingdom,GBR,2017,29.498657
United Kingdom,GBR,2018,33.29198
United Kingdom,GBR,2019,37.456863
United Kingdom,GBR,2020,42.8604
United Kingdom,GBR,2021,39.783825
United States,USA,1985,12.178154
United States,USA,1986,12.544127
United States,USA,1987,10.752804
United States,USA,1988,9.291262
United States,USA,1989,10.330222
United States,USA,1990,10.917163
United States,USA,1991,10.741865
United States,USA,1992,9.729862
United States,USA,1993,10.2707815
United States,USA,1994,9.532383
United States,USA,1995,10.601639
United States,USA,1996,11.360623
United States,USA,1997,11.45328
United States,USA,1998,10.147997
United States,USA,1999,9.860898
United States,USA,2000,9.229899
United States,USA,2001,7.5132055
United States,USA,2002,8.749216
United States,USA,2003,9.025211
United States,USA,2004,8.73341
United States,USA,2005,8.749464
United States,USA,2006,9.418474
United States,USA,2007,8.39841
United States,USA,2008,9.1809435
United States,USA,2009,10.547689
United States,USA,2010,10.3180895
United States,USA,2011,12.466525
United States,USA,2012,12.184118
United States,USA,2013,12.831115
United States,USA,2014,13.35031
United States,USA,2015,13.626135
United States,USA,2016,15.288093
United States,USA,2017,17.451527
United States,USA,2018,17.44999
United States,USA,2019,18.294624
United States,USA,2020,20.315693
United States,USA,2021,20.749863
Venezuela,VEN,1985,47.89173
Venezuela,VEN,1986,50.205544
Venezuela,VEN,1987,56.97739
Venezuela,VEN,1988,58.722633
Venezuela,VEN,1989,60.16314
Venezuela,VEN,1990,62.343864
Venezuela,VEN,1991,70.3254
Venezuela,VEN,1992,70.093414
Venezuela,VEN,1993,68.429855
Venezuela,VEN,1994,72.00685
Venezuela,VEN,1995,70.05147
Venezuela,VEN,1996,71.2375
Venezuela,VEN,1997,73.358444
Venezuela,VEN,1998,71.59473
Venezuela,VEN,1999,75.2001
Venezuela,VEN,2000,74.723694
Venezuela,VEN,2001,68.212906
Venezuela,VEN,2002,68.020775
Venezuela,VEN,2003,67.133415
Venezuela,VEN,2004,72.1027
Venezuela,VEN,2005,75.41177
Venezuela,VEN,2006,74.865616
Venezuela,VEN,2007,73.52468
Venezuela,VEN,2008,73.80666
Venezuela,VEN,2009,72.92203
Venezuela,VEN,2010,68.61347
Venezuela,VEN,2011,71.98853
Venezuela,VEN,2012,68.55118
Venezuela,VEN,2013,68.977005
Venezuela,VEN,2014,63.51769
Venezuela,VEN,2015,62.29027
Venezuela,VEN,2016,59.6389
Venezuela,VEN,2017,59.885387
Venezuela,VEN,2018,59.884857
Venezuela,VEN,2019,59.89163
Venezuela,VEN,2020,66.4438
Venezuela,VEN,2021,64.48549
Vietnam,VNM,1985,29.137897
Vietnam,VNM,1986,25.456848
Vietnam,VNM,1987,22.872252
Vietnam,VNM,1988,26.396463
Vietnam,VNM,1989,49.30627
Vietnam,VNM,1990,61.847717
Vietnam,VNM,1991,68.58849
Vietnam,VNM,1992,74.47707
Vietnam,VNM,1993,74.70456
Vietnam,VNM,1994,75.21973
Vietnam,VNM,1995,72.24194
Vietnam,VNM,1996,70.868744
Vietnam,VNM,1997,60.92933
Vietnam,VNM,1998,51.157322
Vietnam,VNM,1999,58.46598
Vietnam,VNM,2000,54.781628
Vietnam,VNM,2001,59.490356
Vietnam,VNM,2002,50.837994
Vietnam,VNM,2003,46.396286
Vietnam,VNM,2004,38.571426
Vietnam,VNM,2005,31.835636
Vietnam,VNM,2006,34.145077
Vietnam,VNM,2007,35.09975
Vietnam,VNM,2008,36.68781
Vietnam,VNM,2009,37.264385
Vietnam,VNM,2010,31.203663
Vietnam,VNM,2011,40.577282
Vietnam,VNM,2012,46.391663
Vietnam,VNM,2013,46.56918
Vietnam,VNM,2014,44.106194
Vietnam,VNM,2015,36.359608
Vietnam,VNM,2016,36.671406
Vietnam,VNM,2017,45.949894
Vietnam,VNM,2018,40.733303
Vietnam,VNM,2019,31.940903
Vietnam,VNM,2020,36.29567
Vietnam,VNM,2021,42.578747
